<?xml version="1.0" encoding="UTF-8"?>
<preferences xmlns="http://www.demandware.com/xml/impex/preferences/2007-03-31">
    <custom-preferences>
        <all-instances/>
        <development>
            <preference preference-id="QASEmailToken">430075c0-ef1c-46b3-a355-acf769d105bd</preference>
            <preference preference-id="QASEndpoint">https://ws2.ondemand.qas.com/ProOnDemand/V3/ProOnDemandService.asmx</preference>
            <preference preference-id="QASToken">7a0400d8-9d2e-4cab-8da5-1564588a1fa1</preference>
            <preference preference-id="QASUSALayout">USA2 TitleCase Retention DPV</preference>
            <preference preference-id="QAS_Address">true</preference>
            <preference preference-id="QAS_Email">true</preference>
            <preference preference-id="QAS_EmailPhone">active</preference>
            <preference preference-id="checkTLS">false</preference>
            <preference preference-id="countryCode">US</preference>
            <preference preference-id="disableResponsiveDesign">false</preference>
            <preference preference-id="enableInfiniteScroll">false</preference>
            <preference preference-id="enableMultiShipping">false</preference>
            <preference preference-id="enableStorePickUp">false</preference>
            <preference preference-id="enhancedSearchSuggestions">true</preference>
        </development>
    </custom-preferences>
</preferences>

